{"variables": {"FertilizerQuantity": [2.5925925925925926, 0.22222222222222224]}, "objective": 5.851851851851852}