{"variables": {"CatalystUsage": {"0": 5.172413793103448, "1": 18.620689655172413}}, "objective": 100.34482758620689}