{"variables": {"ServingsNoodles": 2.2857142857142856, "ServingsProteinBars": 2.5142857142857142}, "objective": 17.71428571428571}