{"variables": {"NumTanksProcessed": {"0": 33.333333333333336, "1": 25.0, "2": 0.0}}, "objective": 37083.333333333336}