{"variables": {"NumberOfBrownies": 2.0000000000000004, "NumberOfLemonSquares": 3.0000000000000004}, "objective": 26.000000000000007}