{"variables": {"ProductionMix": {"0": 94.28571428571428, "1": 45.71428571428571}}, "objective": 511.4285714285714}