{"variables": {"SpecializedHours": 166.66666666666666, "CommonHours": 0.0}, "objective": 16666.666666666664}